Account,PhoneNumber,Result,Info
user_9036_0,6738000000,FAIL,200
user_9036_1,6738000001,FAIL,200
user_9036_2,6738000002,FAIL,200
user_9036_3,6738000003,FAIL,200
user_9036_4,6738000004,FAIL,200
user_9036_5,6738000005,FAIL,200
user_9036_6,6738000006,FAIL,200
user_9036_7,6738000007,FAIL,200
user_9036_8,6738000008,FAIL,200
user_9036_9,6738000009,FAIL,200
user_9036_10,6738000010,FAIL,200
user_9036_11,6738000011,FAIL,200
user_9036_12,6738000012,FAIL,200
user_9036_13,6738000013,FAIL,200
user_9036_14,6738000014,FAIL,200
user_9036_15,6738000015,FAIL,200
user_9036_16,6738000016,FAIL,200
user_9036_17,6738000017,FAIL,200
user_9036_18,6738000018,FAIL,200
user_9036_19,6738000019,FAIL,200
user_9036_20,6738000020,FAIL,200
user_9036_21,6738000021,FAIL,200
user_9036_22,6738000022,FAIL,200
user_9036_23,6738000023,FAIL,200
user_9036_24,6738000024,FAIL,200
user_9036_25,6738000025,FAIL,200
user_9036_26,6738000026,FAIL,200
user_9036_27,6738000027,FAIL,200
user_9036_28,6738000028,FAIL,200
user_9036_29,6738000029,FAIL,200
